[
 {
   "itemID": 1,
   "itemName": "Apple",
   "itemCategory": "Produce",
   "itemPrice": 50,
   "itemQty": 15,
   "itemDesc": "Red apples, ea",
   "itemImage": 1
 },
 {
   "itemID": 2,
   "itemName": "Banana",
   "itemCategory": "Produce",
   "itemPrice": 50,
   "itemQty": 20,
   "itemDesc": "Banana, ea",
   "itemImage": 2
 },
 {
   "itemID": 3,
   "itemName": "Tomato",
   "itemCategory": "Produce",
   "itemPrice": 50,
   "itemQty": 25,
   "itemDesc": "Vine ripe, ea",
   "itemImage": 3
 },
 {
   "itemID": 4,
   "itemName": "Lettuce",
   "itemCategory": "Produce",
   "itemPrice": 75,
   "itemQty": 12,
   "itemDesc": "Iceberg, head",
   "itemImage": 4
 },
 {
   "itemID": 5,
   "itemName": "Chicken",
   "itemCategory": "Meat",
   "itemPrice": 500,
   "itemQty": 15,
   "itemDesc": "Breasts, lb",
   "itemImage": 5
 },
 {
   "itemID": 6,
   "itemName": "Beef",
   "itemCategory": "Meat",
   "itemPrice": 400,
   "itemQty": 14,
   "itemDesc": "Ground, lb",
   "itemImage": 6
 },
 {
   "itemID": 7,
   "itemName": "Pork",
   "itemCategory": "Meat",
   "itemPrice": 650,
   "itemQty": 11,
   "itemDesc": "Chops, lb",
   "itemImage": 7
 },
 {
   "itemID": 8,
   "itemName": "Bread",
   "itemCategory": "Bakery",
   "itemPrice": 200,
   "itemQty": 23,
   "itemDesc": "Fresh baked, loaf",
   "itemImage": 8
 },
 {
   "itemID": 9,
   "itemName": "Cake",
   "itemCategory": "Bakery",
   "itemPrice": 700,
   "itemQty": 8,
   "itemDesc": "Birthday, 1/4 sheet",
   "itemImage": 9
 },
 {
   "itemID": 10,
   "itemName": "Pie",
   "itemCategory": "Bakery",
   "itemPrice": 600,
   "itemQty": 9,
   "itemDesc": "Cherry",
   "itemImage": 10
 },
 {
   "itemID": 11,
   "itemName": "Cereal",
   "itemCategory": "Dry Grocery",
   "itemPrice": 225,
   "itemQty": 24,
   "itemDesc": "Sugary kid cereal",
   "itemImage": 11
 },
 {
   "itemID": 12,
   "itemName": "Soup",
   "itemCategory": "Dry Grocery",
   "itemPrice": 100,
   "itemQty": 28,
   "itemDesc": "Cart Mart brand",
   "itemImage": 12
 },
 {
   "itemID": 13,
   "itemName": "Pasta",
   "itemCategory": "Dry Grocery",
   "itemPrice": 125,
   "itemQty": 17,
   "itemDesc": "Spaghetti",
   "itemImage": 13
 },
 {
   "itemID": 14,
   "itemName": "Chips",
   "itemCategory": "Dry Grocery",
   "itemPrice": 250,
   "itemQty": 32,
   "itemDesc": "Potato chips",
   "itemImage": 14
 },
 {
   "itemID": 15,
   "itemName": "Ice Cream",
   "itemCategory": "Frozen",
   "itemPrice": 350,
   "itemQty": 19,
   "itemDesc": "Vanilla",
   "itemImage": 15
 },
 {
   "itemID": 16,
   "itemName": "Pizza",
   "itemCategory": "Frozen",
   "itemPrice": 675,
   "itemQty": 27,
   "itemDesc": "Pepperoni",
   "itemImage": 16
 },
 {
   "itemID": 17,
   "itemName": "French Fries",
   "itemCategory": "Frozen",
   "itemPrice": 375,
   "itemQty": 16,
   "itemDesc": "Shoestring",
   "itemImage": 17
 },
 {
   "itemID": 18,
   "itemName": "Waffles",
   "itemCategory": "Frozen",
   "itemPrice": 275,
   "itemQty": 13,
   "itemDesc": "Frozen waffles",
   "itemImage": 18
 },
 {
   "itemID": 19,
   "itemName": "Milk",
   "itemCategory": "Refrigerated",
   "itemPrice": 350,
   "itemQty": 35,
   "itemDesc": "Milk",
   "itemImage": 19
 },
 {
   "itemID": 20,
   "itemName": "Butter",
   "itemCategory": "Refrigerated",
   "itemPrice": 250,
   "itemQty": 27,
   "itemDesc": "Salted",
   "itemImage": 20
 },
 {
   "itemID": 21,
   "itemName": "Eggs",
   "itemCategory": "Refrigerated",
   "itemPrice": 375,
   "itemQty": 28,
   "itemDesc": "Cage free",
   "itemImage": 21
 },
 {
   "itemID": 22,
   "itemName": "Snickers",
   "itemCategory": "Dry Grocery",
   "itemPrice": 129,
   "itemQty": 20,
   "itemDesc": "Candy",
   "itemImage": 22
 },
 {
   "itemID": 23,
   "itemName": "Vanilla Extract",
   "itemCategory": "Dry Grocery",
   "itemPrice": 259,
   "itemQty": 12,
   "itemDesc": "Syrup",
   "itemImage": 23
 },
 {
   "itemID": 24,
   "itemName": "White Rice",
   "itemCategory": "Dry Grocery",
   "itemPrice": 239,
   "itemQty": 6,
   "itemDesc": "Rice",
   "itemImage": 24
 },
 {
   "itemID": 25,
   "itemName": "Salt ",
   "itemCategory": "Dry Grocery",
   "itemPrice": 199,
   "itemQty": 12,
   "itemDesc": "Seasoning",
   "itemImage": 25
 },
 {
   "itemID": 26,
   "itemName": "Sugar",
   "itemCategory": "Dry Grocery",
   "itemPrice": 299,
   "itemQty": 12,
   "itemDesc": "Seasoning",
   "itemImage": 26
 },
 {
   "itemID": 27,
   "itemName": "Popcorn",
   "itemCategory": "Dry Grocery",
   "itemPrice": 299,
   "itemQty": 8,
   "itemDesc": "Butter",
   "itemImage": 27
 },
 {
   "itemID": 28,
   "itemName": "Tortillla Chip",
   "itemCategory": "Dry Grocery",
   "itemPrice": 259,
   "itemQty": 19,
   "itemDesc": "Chips",
   "itemImage": 28
 },
 {
   "itemID": 29,
   "itemName": "Bagel",
   "itemCategory": "Bakery",
   "itemPrice": 469,
   "itemQty": 26,
   "itemDesc": "Plain",
   "itemImage": 29
 },
 {
   "itemID": 30,
   "itemName": "Cookie",
   "itemCategory": "Bakery",
   "itemPrice": 289,
   "itemQty": 14,
   "itemDesc": "Chocolate",
   "itemImage": 30
 },
 {
   "itemID": 31,
   "itemName": "Pastry",
   "itemCategory": "Bakery",
   "itemPrice": 379,
   "itemQty": 13,
   "itemDesc": "Chocolate",
   "itemImage": 31
 },
 {
   "itemID": 32,
   "itemName": "Chicken Bite",
   "itemCategory": "Frozen",
   "itemPrice": 489,
   "itemQty": 15,
   "itemDesc": "Chicken",
   "itemImage": 32
 },
 {
   "itemID": 33,
   "itemName": "Fish Sticks",
   "itemCategory": "Frozen",
   "itemPrice": 489,
   "itemQty": 11,
   "itemDesc": "Fish",
   "itemImage": 33
 },
 {
   "itemID": 34,
   "itemName": "Cream Cheese",
   "itemCategory": "Refrigerated",
   "itemPrice": 229,
   "itemQty": 16,
   "itemDesc": "Cheese",
   "itemImage": 34
 },
 {
   "itemID": 35,
   "itemName": "Salsa",
   "itemCategory": "Refrigerated",
   "itemPrice": 329,
   "itemQty": 15,
   "itemDesc": "Mild",
   "itemImage": 35
 },
 {
   "itemID": 36,
   "itemName": "Sour Cream",
   "itemCategory": "Refrigerated",
   "itemPrice": 329,
   "itemQty": 15,
   "itemDesc": "Cream",
   "itemImage": 36
 },
 {
   "itemID": 37,
   "itemName": "Whipped Cream",
   "itemCategory": "Refrigerated",
   "itemPrice": 149,
   "itemQty": 13,
   "itemDesc": "Cream",
   "itemImage": 37
 },
 {
   "itemID": 38,
   "itemName": "Cheese",
   "itemCategory": "Refrigerated",
   "itemPrice": 189,
   "itemQty": 14,
   "itemDesc": "American",
   "itemImage": 38
 },
 {
   "itemID": 39,
   "itemName": "Dip",
   "itemCategory": "Refrigerated",
   "itemPrice": 245,
   "itemQty": 12,
   "itemDesc": "Onion",
   "itemImage": 39
 },
 {
   "itemID": 40,
   "itemName": "Yogurt",
   "itemCategory": "Refrigerated",
   "itemPrice": 199,
   "itemQty": 18,
   "itemDesc": "Vanilla",
   "itemImage": 40
 },
 {
   "itemID": 41,
   "itemName": "Broccoli",
   "itemCategory": "Produce",
   "itemPrice": 229,
   "itemQty": 12,
   "itemDesc": "Broccoli, lb",
   "itemImage": 41
 },
 {
   "itemID": 42,
   "itemName": "Cauliflower",
   "itemCategory": "Produce",
   "itemPrice": 229,
   "itemQty": 12,
   "itemDesc": "Cauliflower, lb",
   "itemImage": 42
 },
 {
   "itemID": 43,
   "itemName": "Carrots",
   "itemCategory": "Produce",
   "itemPrice": 239,
   "itemQty": 9,
   "itemDesc": "Carrots, lb",
   "itemImage": 43
 },
 {
   "itemID": 44,
   "itemName": "Cucumber",
   "itemCategory": "Produce",
   "itemPrice": 99,
   "itemQty": 7,
   "itemDesc": "Carrots, ea",
   "itemImage": 44
 },
 {
   "itemID": 45,
   "itemName": "Celery",
   "itemCategory": "Produce",
   "itemPrice": 249,
   "itemQty": 5,
   "itemDesc": "Greens, lb",
   "itemImage": 45
 },
 {
   "itemID": 46,
   "itemName": "Cilantro",
   "itemCategory": "Produce",
   "itemPrice": 229,
   "itemQty": 9,
   "itemDesc": "Greens, lb",
   "itemImage": 46
 },
 {
   "itemID": 47,
   "itemName": "Corn",
   "itemCategory": "Produce",
   "itemPrice": 99,
   "itemQty": 7,
   "itemDesc": "Yellow, ea",
   "itemImage": 47
 },
 {
   "itemID": 48,
   "itemName": "Garlic Cloves",
   "itemCategory": "Produce",
   "itemPrice": 49,
   "itemQty": 12,
   "itemDesc": "Garlic, ea",
   "itemImage": 48
 },
 {
   "itemID": 49,
   "itemName": "Spinach",
   "itemCategory": "Produce",
   "itemPrice": 229,
   "itemQty": 13,
   "itemDesc": "Greens, lb",
   "itemImage": 49
 },
 {
   "itemID": 50,
   "itemName": "Onion",
   "itemCategory": "Produce",
   "itemPrice": 239,
   "itemQty": 16,
   "itemDesc": "Red, lb",
   "itemImage": 50
 },
 {
   "itemID": 51,
   "itemName": "Chives",
   "itemCategory": "Produce",
   "itemPrice": 229,
   "itemQty": 15,
   "itemDesc": "Greens, lb",
   "itemImage": 51
 },
 {
   "itemID": 52,
   "itemName": "Beet",
   "itemCategory": "Produce",
   "itemPrice": 299,
   "itemQty": 12,
   "itemDesc": "Red, lb",
   "itemImage": 52
 },
 {
   "itemID": 53,
   "itemName": "Peppers",
   "itemCategory": "Produce",
   "itemPrice": 299,
   "itemQty": 14,
   "itemDesc": "Green, lb",
   "itemImage": 53
 },
 {
   "itemID": 54,
   "itemName": "Salad Greens",
   "itemCategory": "Produce",
   "itemPrice": 329,
   "itemQty": 12,
   "itemDesc": "Salad, lb",
   "itemImage": 54
 },
 {
   "itemID": 55,
   "itemName": "Basil",
   "itemCategory": "Produce",
   "itemPrice": 229,
   "itemQty": 11,
   "itemDesc": "Greens,lb",
   "itemImage": 55
 },
 {
   "itemID": 56,
   "itemName": "Artichokes",
   "itemCategory": "Produce",
   "itemPrice": 379,
   "itemQty": 12,
   "itemDesc": "Artichoke",
   "itemImage": 56
 },
 {
   "itemID": 57,
   "itemName": "Green Onion",
   "itemCategory": "Produce",
   "itemPrice": 99,
   "itemQty": 11,
   "itemDesc": "Green, ea",
   "itemImage": 57
 },
 {
   "itemID": 58,
   "itemName": "Squash ",
   "itemCategory": "Produce",
   "itemPrice": 89,
   "itemQty": 16,
   "itemDesc": "Yellow, ea",
   "itemImage": 58
 },
 {
   "itemID": 59,
   "itemName": "Zucchini",
   "itemCategory": "Produce",
   "itemPrice": 89,
   "itemQty": 15,
   "itemDesc": "Green, ea",
   "itemImage": 59
 },
 {
   "itemID": 60,
   "itemName": "Sprouts",
   "itemCategory": "Produce",
   "itemPrice": 89,
   "itemQty": 14,
   "itemDesc": "Sprout, ea",
   "itemImage": 60
 }
]