<?xml version="1.0" encoding="UTF-8"?>
<project-private xmlns="http://www.netbeans.org/ns/project-private/1">
    <editor-bookmarks xmlns="http://www.netbeans.org/ns/editor-bookmarks/2" lastBookmarkId="0"/>
    <open-files xmlns="http://www.netbeans.org/ns/projectui-open-files/2">
        <group>
            <file>file:/C:/Users/dcsv4/Desktop/CartMart/src/cart_mart_2/AccountPanel.java</file>
            <file>file:/C:/Users/dcsv4/Desktop/CartMart/src/cart_mart_2/AccountView.java</file>
            <file>file:/C:/Users/dcsv4/Desktop/CartMart/src/cart_mart_2/Cart_Mart_2.java</file>
            <file>file:/C:/Users/dcsv4/Desktop/CartMart/src/cart_mart_2/Order.java</file>
            <file>file:/C:/Users/dcsv4/Desktop/CartMart/src/cart_mart_2/ViewItems.java</file>
            <file>file:/C:/Users/dcsv4/Desktop/CartMart/src/cart_mart_2/ItemPanel.java</file>
            <file>file:/C:/Users/dcsv4/Desktop/CartMart/src/cart_mart_2/ReceiptView.java</file>
            <file>file:/C:/Users/dcsv4/Desktop/CartMart/src/cart_mart_2/ReceiptPanel.java</file>
            <file>file:/C:/Users/dcsv4/Desktop/CartMart/src/cart_mart_2/WelcomePage.java</file>
            <file>file:/C:/Users/dcsv4/Desktop/CartMart/src/cart_mart_2/PickUp.java</file>
            <file>file:/C:/Users/dcsv4/Desktop/CartMart/src/cart_mart_2/CartView.java</file>
        </group>
    </open-files>
</project-private>
